{
    "map": "TJST",
    "startPos": [-351, 236],
    "targetPos": [[-343.646,215.423], [-329.215,210.063]],
    "waypoints": {"1": [-352.4070334634446, 236.60484431914273], "2": [-355.1251621976932, 234.67609801075793], "3": [-358.389588762067, 232.08756163360013], "4": [-361.44277599239877, 229.2534970488355], "5": [-364.31448556491273, 226.23566695867544], "6": [-367.0117701348288, 223.0603095355335], "7": [-369.6010655722993, 219.79603931791675], "8": [-372.18014399071944, 216.52350734187743], "9": [-374.76156094068205, 213.2528200664214], "10": [-377.34856733672535, 209.98655289666155], "11": [-379.9444165076812, 206.72731032468036], "12": [-382.55522533341923, 203.4800597956611], "13": [-385.166325185526, 200.2330330953858], "14": [-387.7716070262926, 196.9813232336093], "15": [-390.3750485381224, 193.72813971187304], "16": [-392.97709475309046, 190.47384003900734], "17": [-395.5781119794212, 187.2187178584192], "18": [-398.178557906364, 183.96313924919374], "19": [-400.7842711683241, 180.71178066988278], "20": [-403.41314953335234, 177.47915272792497], "21": [-406.07971014146983, 174.27754549579805], "22": [-408.7998945472434, 171.1213536107115], "23": [-411.55438118779375, 167.99506662463406], "24": [-414.33921450473343, 164.8958273430009], "25": [-417.03559799835716, 161.71960052743762], "26": [-419.62294548824735, 158.4538585356772], "27": [-422.04671024669744, 155.06539507125294], "28": [-424.3255679951452, 151.57762712183242], "29": [-426.445560382168, 147.99085947463075], "30": [-428.4373343113688, 144.3313370787324], "31": [-430.3534259881096, 140.63138619126846], "32": [-432.1659406155562, 136.8800725886155], "33": [-433.7680191435283, 133.03422266880756], "34": [-435.1990059606461, 129.12138809794828], "35": [-436.4557012551766, 125.14916577831896], "36": [-437.4893004607493, 121.11348026598357], "37": [-438.36373041698164, 117.03981498186933], "38": [-439.05562365885976, 112.93137741021428], "39": [-439.55316721652446, 108.79496770823744], "40": [-439.87225086436496, 104.64090798958765], "41": [-440.01507331498476, 100.47701207868472], "42": [-439.9650349627434, 96.3113166250067], "43": [-439.6902312249717, 92.15416028266202], "44": [-439.2184980495562, 88.01467317481332], "45": [-438.5606453665979, 83.9006116238173], "46": [-437.7276348908994, 79.81836702660384], "47": [-436.7205222665573, 75.77595329783433], "48": [-435.5056311792395, 71.79067599895255], "49": [-434.1210910989593, 67.86114319126895], "50": [-432.5621377770843, 63.99751421830586], "51": [-430.72066339701104, 60.268370916623994], "52": [-428.8778598669111, 56.53136860721044], "53": [-426.69510290603057, 53.00405525386908], "54": [-423.2815191450882, 50.64698727232384], "55": [-419.96221316122785, 48.14556495504879], "56": [-417.23703931991986, 44.99734134630258], "57": [-414.2013401389139, 42.19827174942381], "58": [-410.12753269190216, 41.483448719562666], "59": [-406.0109210377325, 42.101209031425505], "60": [-402.11414210302735, 43.53257422377272], "61": [-398.8122274080601, 46.05357474410264], "62": [-395.7005622491156, 48.824546926634206], "63": [-392.64312544176886, 51.655281386887815], "64": [-389.58243843074376, 54.48252494407445], "65": [-386.5217514197186, 57.30976850126108], "66": [-383.52165331372817, 60.19961178633299], "67": [-380.90894165433747, 63.44038683515598], "68": [-378.53041225128675, 66.85993229514344], "69": [-375.7892612429373, 69.99411031125658], "70": [-372.7662661352601, 72.86048512875043], "71": [-369.7209551295859, 75.70427741600982], "72": [-366.6801757797997, 78.55292045354717], "73": [-363.62565673104183, 81.38680949170364], "74": [-360.49915147868535, 84.1398560945912], "75": [-357.09879451362264, 86.5406346841689], "76": [-353.2711739521368, 88.15611797028691], "77": [-349.1926188387471, 88.9909740232139], "78": [-345.0531760510805, 88.78266522165147], "79": [-340.98440666839014, 89.52495517598844], "80": [-337.4671393609101, 91.70912741027173], "81": [-335.0064257509716, 95.04787361502066], "82": [-333.6840965786106, 98.97805542332915], "83": [-333.6850541244713, 103.13052719454976], "84": [-333.0555084346211, 107.23577273288934], "85": [-331.1210765371213, 110.90138183034819], "86": [-328.27364261710466, 113.93457394005655], "87": [-325.24178152701586, 116.79251281841553], "88": [-322.1884487999909, 119.62759432214011], "89": [-319.083426129854, 122.40599172023033], "90": [-316.0540415806025, 125.26611173856165], "91": [-313.3929535481752, 128.4617814125434], "92": [-311.0458903768052, 131.90057444498464], "93": [-308.1805779958591, 134.9195650270132], "94": [-305.14795049072984, 137.7768831722281], "95": [-302.089131221469, 140.60607214975235], "96": [-299.1032268612697, 143.50901401459095], "97": [-296.46877908882226, 146.7327288133263], "98": [-294.58959922433604, 150.43362001644283], "99": [-293.9106287519523, 154.5221713698899], "100": [-294.6425527459793, 158.6014492745388], "101": [-296.5536533781467, 162.29224746009012], "102": [-299.0392991473532, 165.63155478817055], "103": [-301.6625462926883, 168.86876298756317], "104": [-304.26739543984723, 172.12079386844715], "105": [-306.909147999581, 175.34292126526958], "106": [-309.57197986691585, 178.54767061386008], "107": [-312.25319208328887, 181.73692250433385], "108": [-315.06130350188124, 184.81471005534974], "109": [-317.94757729019256, 187.81974410364202], "110": [-320.8365906206478, 190.82211873665275], "111": [-323.64794897346235, 193.89720966475653], "112": [-326.37449818991996, 197.04784351998717], "113": [-329.037632528605, 200.2522561890216], "114": [-331.6730873888588, 203.4795592442026], "115":  [-334.936, 207.092]}
}