{
    "map": "TJST",
    "startPos": [-418.838, 158.166],
    "targetPos": [[-383, 207], [-370, 221]],
    "waypoints": {"1": [-424.9069519042969, 139.74847412109375], "2": [-426.264892578125, 137.07862854003906], "3": [-427.5306091308594, 134.36383056640625], "4": [-428.70257568359375, 131.60726928710938], "5": [-429.7794189453125, 128.8121795654297], "6": [-430.7598876953125, 125.98184204101562], "7": [-431.642822265625, 123.11958312988281], "8": [-432.42718505859375, 120.22875213623047], "9": [-433.112060546875, 117.31275177001953], "10": [-433.6966247558594, 114.37500762939453], "11": [-434.18023681640625, 111.41895294189453], "12": [-434.5622863769531, 108.44806671142578], "13": [-434.8423767089844, 105.4658432006836], "14": [-435.0201110839844, 102.47576904296875], "15": [-435.0953063964844, 99.48136901855469], "16": [-435.0679016113281, 96.48614501953125], "17": [-434.9378967285156, 93.49361419677734], "18": [-434.7054443359375, 90.5073013305664], "19": [-434.370849609375, 87.53070068359375], "20": [-433.9344787597656, 84.56730651855469], "21": [-433.3968505859375, 81.62059783935547], "22": [-432.75860595703125, 78.69403839111328], "23": [-432.0204772949219, 75.79106140136719], "24": [-431.1833190917969, 72.91507720947266], "25": [-430.2481689453125, 70.06945037841797], "26": [-429.216064453125, 67.25753784179688], "27": [-428.0882263183594, 64.48262786865234], "28": [-428.7827453613281, 64.06926727294922], "29": [-427.78768198306307, 62.234275016963124], "30": [-428.9747030627921, 60.684589386481456], "31": [-424.6585491420448, 52.58771089601623], "32": [-420.96071763513777, 46.80467689575439], "33": [-417.4352311611627, 45.24122905604885], "34": [-415.1765034932872, 42.465404828010456], "35": [-413.670033597025, 40.631861260994974], "36": [-412.3517149731725, 39.04827146750468], "37": [-410.8699880408165, 37.28478218949921], "38": [-409.53500185318643, 35.70965107782416], "39": [-407.86608397102026, 33.72224241083371], "40": [-406.18484196941733, 31.69452968011838], "41": [-403.9039069268946, 28.904198536643317], "42": [-400.363525390625, 46.87044143676758], "43": [-399.1433410644531, 47.83042526245117], "44": [-397.91680908203125, 48.78227233886719], "45": [-397.02996826171875, 47.63161849975586], "46": [-395.95735985527335, 48.590726338318134], "47": [-395.1152164074224, 49.36141410018523], "48": [-394.24828754060763, 50.16860465621456], "49": [-393.1446140383023, 51.192042121179036], "50": [-392.56503225204415, 51.727418285144324], "51": [-386.5216283884347, 57.30988214875382], "52": [-384.33679085666193, 59.35920049393091], "53": [-382.9674251025071, 60.79529265865607], "54": [-381.87242579286533, 62.133553932864174], "55": [-380.72253418176354, 63.7014713541356], "56": [-379.756457270869, 65.169718108211], "57": [-378.4683665796955, 66.94364886441113], "58": [-377.058078053195, 68.64432655744795], "59": [-374.9717653933251, 70.81907376844599], "60": [-374.5874328613281, 72.86074829101562], "61": [-373.1708984375, 74.21449279785156], "62": [-371.7542724609375, 75.56817626953125], "63": [-370.33758544921875, 76.92178344726562], "64": [-368.9208679199219, 78.27532958984375], "65": [-367.5040588378906, 79.6288070678711], "66": [-366.087158203125, 80.98220825195312], "67": [-364.67022705078125, 82.3355484008789], "68": [-363.25323486328125, 83.6888198852539], "69": [-362.2532653808594, 82.6417236328125], "70": [-360.845703125, 83.85800170898438], "71": [-359.38623046875, 85.0134506225586], "72": [-357.8535461425781, 86.07898712158203], "73": [-356.2351989746094, 87.01911163330078], "74": [-354.6132507324219, 87.71449279785156], "75": [-353.3105163574219, 88.14568328857422], "76": [-351.567626953125, 88.57864379882812], "77": [-349.70672607421875, 88.92308807373047], "78": [-347.81103515625, 90.82422637939453], "79": [-346.02178955078125, 90.50933837890625], "80": [-344.20501708984375, 90.5055160522461], "81": [-344.0607604980469, 88.79090118408203], "82": [-341.79827880859375, 88.72526550292969], "83": [-339.58984375, 88.22339630126953], "84": [-337.57196044921875, 87.2093734741211], "85": [-335.951171875, 85.97144317626953], "86": [-334.5382995605469, 84.54910278320312], "87": [-333.1777648925781, 82.96614837646484], "88": [-331.3708190917969, 80.76309204101562], "89": [-335.31048583984375, 98.69328308105469], "90": [-335.1820068359375, 100.36962127685547], "91": [-335.390380859375, 102.03791046142578], "92": [-333.7096862792969, 102.4218978881836], "93": [-333.55816650390625, 104.8542251586914], "94": [-333.1268615722656, 107.03445434570312], "95": [-332.2608947753906, 109.15596008300781], "96": [-331.091064453125, 110.94332885742188], "97": [-329.78125, 112.47892761230469], "98": [-328.8686218261719, 113.37382507324219], "99": [-326.8172607421875, 115.28593444824219], "100": [-327.90008544921875, 116.48355102539062], "101": [-326.525390625, 117.73460388183594], "102": [-325.1588439941406, 118.99454498291016], "103": [-323.8005065917969, 120.2633285522461], "104": [-322.450439453125, 121.5408935546875], "105": [-321.1086730957031, 122.82718658447266], "106": [-319.7752685546875, 124.12216186523438], "107": [-318.4503173828125, 125.4257583618164], "108": [-317.1972961425781, 124.16043853759766], "109": [-315.638567164181, 125.63303538203483], "110": [-314.55516217389527, 126.55149349198933], "111": [-313.55552791311914, 127.28028866006423], "112": [-312.39166932072186, 128.0407897742505], "113": [-311.30737872348493, 128.67469854153273], "114": [-309.9884986049844, 129.523111923395], "115": [-308.71124870375365, 130.45623181174298], "116": [-307.0572633478761, 131.8426041973335], "117": [-309.18585205078125, 135.89413452148438], "118": [-307.7309875488281, 137.25413513183594], "119": [-306.2779846191406, 138.6160888671875], "120": [-304.8267822265625, 139.97999572753906], "121": [-303.3774108886719, 141.34584045410156], "122": [-301.92987060546875, 142.713623046875], "123": [-296.8791198730469, 137.37550354003906], "124": [-295.7216796875, 138.3109893798828], "125": [-294.4186706542969, 139.10597229003906], "126": [-292.9302062988281, 139.6039276123047], "127": [-291.3387451171875, 139.65744018554688], "128": [-289.7856750488281, 139.2699737548828], "129": [-288.5301513671875, 138.62229919433594], "130": [-287.1475524902344, 137.5442352294922], "131": [-285.8721008300781, 136.29150390625], "132": [-299.13818359375, 163.20986938476562], "133": [-300.4878845214844, 164.6842041015625], "134": [-301.787841796875, 166.20257568359375], "135": [-303.03662109375, 167.76329040527344], "136": [-304.2328796386719, 169.3646240234375], "137": [-300.80023193359375, 172.97335815429688], "138": [-300.80211485440435, 172.97099654436371], "139": [-305.6559753417969, 169.59140014648438], "140": [-306.7416076660156, 171.14559936523438], "141": [-307.8314514160156, 172.69683837890625], "142": [-308.9255065917969, 174.2451171875], "143": [-310.0237731933594, 175.7904052734375], "144": [-306.35858154296875, 179.57554626464844], "145": [-306.71377271193825, 180.8460853348513], "146": [-305.7131552005788, 182.67960848196324], "147": [-312.23291015625, 178.8719940185547], "148": [-313.34375, 180.4082794189453], "149": [-310.0491638183594, 183.97622680664062], "150": [-310.0491638183594, 183.97622680664062], "151": [-315.1706237792969, 180.2517852783203], "152": [-316.3387756347656, 181.8656005859375], "153": [-317.4997253417969, 183.4845733642578], "154": [-318.65350341796875, 185.10870361328125], "155": [-319.8000183105469, 186.73793029785156], "156": [-320.9393310546875, 188.3722381591797], "157": [-317.36456298828125, 192.05126953125], "158": [-317.36456298828125, 192.05126953125], "159": [-322.81475830078125, 188.28770446777344], "160": [-323.9214172363281, 189.88980102539062], "161": [-319.3309631347656, 194.24632263183594], "162": [-320.70998357033517, 195.80514108767412], "163": [-326.13623046875, 193.0929718017578], "164": [-327.244384765625, 194.69406127929688], "165": [-328.35302734375, 196.2947998046875], "166": [-329.4621276855469, 197.8951873779297],