{
    "map": "TJST",
    "startPos": [-308.986, 64.7345],
    "targetPos": [[-336.614, 75.3164], [-330.865, 82.346]],
    "waypoints": {"1": [-309.73849322034346, 65.40338476627338], "2": [-311.02192012531583, 66.99201679333078], "3": [-312.63094916475114, 68.98368071638637], "4": [-314.23997820418646, 70.97534463944197], "5": [-315.8490072436218, 72.96700856249758], "6": [-317.45803628305714, 74.95867248555318], "7": [-319.06706532249245, 76.95033640860878], "8": [-320.6781865112996, 78.94030267228565], "9": [-322.30678759915173, 80.9159549813036], "10": [-323.9667697270688, 82.86528356392448], "11": [-325.6524911029463, 84.79244132144822], "12": [-327.3282572329434, 86.72714239285986], "13": [-328.7843014842737, 88.82958543499448], "14": [-329.87353623534267, 91.13683068588288], "15": [-330.4516295941081, 93.62563959851377], "16": [-330.4535795060153, 96.18156193347227], "17": [-330.12723148136604, 98.72108877896041], "18": [-330.0906210448887, 101.27572289118827], "19": [-330.3947656613569, 103.81706300696885], "20": [-330.85997194748455, 106.33168192866883], "21": [-331.8667908085279, 108.67426945502157], "22": [-333.33315309621184, 110.76962473841517], "23": [-335.15469338774415, 112.56468849578428], "24": [-337.1967966776268, 114.10358388978179], "25": [-339.5096153857848, 115.18741638151896], "26": [-342.01102023285046, 115.69354661057027], "27": [-344.5641575271357, 115.8825544916913], "28": [-347.11770433791503, 115.812618891962], "29": [-349.6263381380496, 115.31584905623504], "30": [-352.02960502668776, 114.44197987255612], "31": [-354.2619349869452, 113.19403676512299], "32": [-356.19871720331406, 111.53002024543119], "33": [-357.77748529318694, 109.52173318712802], "34": [-359.0220490332581, 107.2880837848547], "35": [-359.9194614029371, 104.89252186257185], "36": [-360.4735793971323, 102.40102795291997], "37": [-360.59851579721004, 99.8480687822803], "38": [-360.43755879373845, 97.29334555414773], "39": [-360.76686458880874, 94.77128392649117], "40": [-361.93774795363686, 92.50217904616154], "41": [-363.589174692745, 90.55306191381], "42": [-365.4574675625036, 88.80277582710073], "43": [-367.3403832524951, 87.06781561331528], "44": [-369.2202824115725, 85.32951796496175], "45": [-371.0998563286658, 83.59086864559112], "46": [-372.97956903411097, 81.85236937328631], "47": [-374.86030142736706, 80.11497336133053], "48": [-376.7428891096436, 78.3795878908519], "49": [-378.6280154614346, 76.64696096944225], "50": [-380.5153322355131, 74.91671983121799], "51": [-382.40459855665716, 73.18860771081543], "52": [-384.296554923542, 71.46344128405445], "53": [-386.1896273049277, 69.73949916509675], "54": [-388.08343952135414, 68.01636980108637], "55": [-389.97824500532494, 66.2943327910836], "56": [-391.87401229925644, 64.57335461060484], "57": [-393.77073777159694, 62.85343252039576], "58": [-395.66834852837735, 61.13448723321678], "59": [-397.56655834057784, 59.41620350428551], "60": [-399.4637297245252, 57.69677579827897], "61": [-401.35650679868735, 55.97251010560425], "62": [-403.2607401469609, 54.26093081534776], "63": [-405.19240338795896, 52.580408364167084], "64": [-407.12082536868337, 50.8962359032051], "65": [-409.1900648060587, 49.39930072418634], "66": [-411.64663207072516, 49.42012595760284], "67": [-413.31887232631686, 51.330291332286315], "68": [-414.76788887194715, 53.44120969601452], "69": [-416.18633878716855, 55.5727589178056], "70": [-417.5623500458966, 57.73191317351926], "71": [-418.8816268967878, 59.92616270511337], "72": [-420.13014045765743, 62.16136308196929], "73": [-421.29986883738496, 64.43880516645604], "74": [-422.4346801307595, 66.73395483100613], "75": [-423.4982495126489, 69.0628319524539], "76": [-424.4756826384986, 71.42912774864159], "77": [-425.3633763649486, 73.8305442369928], "78": [-426.155534285962, 76.26515423151147], "79": [-426.85553039196446, 78.72789855921546], "80": [-427.4867065406629, 81.20914422728413], "81": [-428.034739306844, 83.71007471732695], "82": [-428.5160536128352, 86.22475889565008], "83": [-428.92112571347786, 88.75279155288052], "84": [-429.23787668467844, 91.29336219965654], "85": [-429.47578429546934, 93.84258272697825], "86": [-429.6336033117384, 96.39799364718884], "87": [-429.7137272102895, 98.95703238028705], "88": [-429.68489679670995, 101.51697100790734], "89": [-429.5805998129523, 104.07519810065152], "90": [-429.4111095959152, 106.62982891707627], "91": [-429.15831095598844, 109.17762129138384], "92": [-428.8256585389674, 111.716209514025], "93": [-428.40826580665464, 114.242239448263], "94": [-427.9094307952989, 116.75344116584891], "95": [-427.33051114240857, 119.24741837351888], "96": [-426.6673065534396, 121.72028733488239], "97": [-425.9213059796969, 124.16950188316407], "98": [-425.1043207261328, 126.5959490837554], "99": [-424.21808327940334, 128.99798481421277], "100": [-423.2626412150195, 131.37335473529177], "101": [-422.2392002023354, 133.72018916945683], "102": [-421.1228077590366, 136.0241346218429], "103": [-419.94226828099954, 138.2960500106452], "104": [-418.6827095596501, 140.52503810343754], "105": [-417.3395599746937, 142.70470370835352], "106": [-415.9242176770966, 144.83820794336057], "107": [-414.44547219051816, 146.92829377356531], "108": [-412.9185028118911, 148.98351240562363], "109": [-411.36373902452937, 151.01776070927806], "110": [-409.767979080692, 153.02002335220854], "111": [-408.1565288936794, 155.00972877594086], "112": [-406.5449316893937, 156.99931518542445], "113": [-404.933291642333, 158.9888668912833], "114": [-403.32161088344714, 160.978385617833], "115": [-401.7099078357605, 162.96788628821545], "116": [-400.0981931471043, 164.95737752795446], "117": [-398.4864844553432, 166.94687362616082], "118": [-396.8747974777094, 168.93638731469912], "119": [-395.2631423506537, 170.92592680482497], "120": [-393.65152476949237, 172.9154967090791], "121": [-392.03995426963587, 174.90510474981568], "122": [-390.4284397199506, 176.89475810810586], "123": [-388.8169988438225, 178.8844711362841], "124": [-387.21712333637095, 180.8834918358775], "125": [-385.61678920442097, 182.8821489251229], "126": [-384.0160118137826, 184.88045104776668], "127": [-382.41565091881296, 186.87908671152314], "128": [-380.81652678515655, 188.8787119773168], "129": [-379.21956506246534, 190.88006450526353], "130": [-377.62555081371147, 192.88376513354228], "131": [-376.03525946067754, 194.89042170556385], "132": [-374.451080913952, 196.90190032193274], "133": [-372.8665893076321, 198.91311613111654], "134": [-371.2737961126282, 200.9177879691286], "135": [-369.67980020241777, 202.92150365075688], "136": [-368.08510725393967, 204.92466465207704], "137": [-366.49014915959646, 206.92761455379417], "138": [-364.89541228419426, 208.93074058539446], "139": [-363.3013525226674, 210.9344054726343], "140": [-361.7084355409391, 212.93897894453886], "141": [-359.95430554309075, 214.78346411726622], "142": [-357.74373725262967, 216.05364030775297], "143": [-355.2264133957157, 216.37684326861907], "144": [-352.7676082307364, 215.71456296377448], "145": [-350.6098796160763, 214.3468054212102], "146": [-348.6905932422304, 212.6540772732733], "147": [-347.0228821321709, 210.71479107260856], "148": [-345.3961796963425, 208.7375359431049], "149": [-343.7683307681529, 206.76122435535186], "150": [-342.14015246597256, 204.78518411776582], "151": [-340.511515732536, 202.80952170607674], "152": [-338.88215681618414, 200.83445487301526], "153": [-337.2524906042504, 198.85964155004507], "154": [-335.62321114985974, 196.88450942411941], "155": [-333.9978690543619, 194.9061357277869], "156": [-332.37380062498147, 192.92671686339003], "157": [-330.75559886260186, 190.94250139677388], "158": [-329.1482140217615, 188.9495165259999], "159": [-327.5566514214885, 186.9438809512946], "160": [-326.0095688276999, 184.90386233001533], "161": [-324.4999734002526, 182.8358196467065], "162": [-323.0170653654275, 180.74871432939418], "163": [-321.5513607183372, 178.64935288202685],