{
    "map": "singal_imag",
    "startPos": [24.12, 44.34],
    "targetPos": [[573, 116], [631, 127]],
    "waypoints": {"1": [10.814097444281385, 45.92737403322454], "2": [81.23999786376953, 45.279998779296875], "3": [81.31159149960018, 47.02853369496443], "4": [83.72668313138931, 46.91164220438214], "5": [85.35820024674192, 46.745808294089834], "6": [86.81037542610983, 46.4972888356461], "7": [88.46165845915843, 46.13708392613231], "8": [89.9401696042729, 45.68833723286769], "9": [91.65999481317095, 44.97724499394985], "10": [93.2123040922728, 44.050428079328604], "11": [95.04167493199817, 42.4699300513535], "12": [94.6052387081951, 40.29788121748508], "13": [97.49544956016898, 39.628720482965264], "14": [99.12635836791807, 37.85261735594329], "15": [100.48869983321302, 36.892906337037935], "16": [102.00400437404745, 36.317657865571405], "17": [103.95988412976604, 35.878084353005974], "18": [105.94306743400809, 35.774056400000156], "19": [108.18094652311206, 35.91822304007504], "20": [110.09688202978168, 36.44797478919943], "21": [112.17665570251606, 37.756947671860836], "22": [114.38333505573988, 37.578384981420044], "23": [114.82157042376336, 40.65375884519724], "24": [116.66395479599154, 42.608958333785296], "25": [118.0315498983575, 43.76222587119563], "26": [119.39166991335645, 44.59405675383493], "27": [121.04814286156478, 45.39022753441184], "28": [122.67899155145349, 45.92730901904806], "29": [124.70926936481517, 46.48091768349983], "30": [126.74260765750826, 46.873404151882774], "31": [129.48291403994293, 47.15228203552866], "32": [131.0399932861328, 45.439998626708984], "33": [197.60000610351562, 45.720001220703125], "34": [197.60000610351562, 43.970001220703125], "35": [200.670591507739, 43.90231840063307], "36": [202.78807339779564, 43.53006289024778], "37": [204.7229166268304, 42.81939327951222], "38": [206.9615941067146, 41.71954745337385], "39": [208.9429900502891, 40.37190245505203], "40": [210.9698361133657, 38.577529030096436], "41": [212.38039156909136, 36.616175563406145], "42": [213.32507090795283, 33.71923088646504], "43": [232.64999389648438, 45.79999923706055], "44": [264.6499938964844, 47.54999923706055], "45": [268.13745446834656, 47.49677565984111], "46": [270.4221526858099, 47.204045985134215], "47": [272.37292770585907, 46.64519842433014], "48": [274.5275085261428, 45.78031529451431], "49": [276.4361326903616, 44.79567911595474], "50": [278.8611974764114, 43.797737043090315], "51": [281.3588859260034, 43.11913643354251], "52": [284.8314827528392, 42.70000076293945], "53": [286.79998779296875, 42.70000076293945], "54": [300.95001220703125, 39.20000076293945], "55": [304.05645959919036, 39.1385804989835], "56": [306.2266535007651, 38.800769047225764], "57": [308.24150606063506, 38.155856275688265], "58": [310.5966128983195, 37.15777698640404], "59": [312.70380732117457, 35.92500983750298], "60": [314.85294446587653, 34.2426724268912], "61": [316.33765097690053, 32.34990300571949], "62": [317.3076469009926, 29.478034850596842], "63": [332.02658352574394, 69.44999694824219], "64": [331.739990234375, 78.25], "65": [331.6914057542706, 80.47637972761977], "66": [331.77508869321935, 81.94696699850914], "67": [331.984916265125, 83.21704870011456], "68": [332.3276025630543, 84.6313900592876], "69": [332.730645875245, 85.89451706401854], "70": [333.1361453123985, 87.48774297049636], "71": [333.40671260766305, 89.11256468263139], "72": [333.5620652957938, 91.34739565461287], "73": [335.29998779296875, 92.62000274658203], "74": [329.9546962419509, 102.56985120900269], "75": [329.76939464574883, 108.09819657866365], "76": [329.1184113242009, 111.52144752639884], "77": [328.0209483731837, 114.29672965132981], "78": [326.1262846353413, 117.3094788152108], "79": [323.7913267023441, 120.18250111743546], "80": [321.0553369524105, 122.75596074211154], "81": [317.78737323631793, 125.311545204108], "82": [313.93895383074255, 127.85031621561316], "83": [310.45642105020596, 129.4998678432381], "84": [305.910853541548, 130.84446447360853], "85": [299.249674595472, 131.30001848050188], "86": [351.0, 121.0], "87": [433.0, 121.0], "88": [436.68823314187057, 120.99268404206676], "89": [438.99049377159866, 120.95854290504496], "90": [440.87656272564425, 120.89940557841793], "91": [442.9481981761732, 120.79637250419142], "92": [444.94191682604543, 120.6689529035208], "93": [446.778486849098, 120.52171925011432], "94": [448.8642777923049, 120.36625514403292], "95": [451.33736427840427, 120.21170553269317], "96": [453.5984680230887, 120.11111111111111], "97": [456.5786516013198, 120.02880658436214], "98": [461.0, 120.0], "99": [461.0, 120.0], "100": [534.0, 123.5], "101": [537.739048984636, 123.54115226337449], "102": [540.2029742394069, 123.76748971193416], "103": [542.3240397175639, 124.19958847736625], "104": [544.6805383773005, 124.86831275720164], "105": [546.7802372661004, 125.62962962962963], "106": [549.4339363070634, 126.40123456790123], "107": [552.147594377813, 126.92592592592592], "108": [555.8911637870998, 127.25], "109": [558.0, 122.0], "110": [657.0, 116.75], "111": [659.9813029076521, 116.64314818377345], "112": [661.8578351664205, 116.05546319452745], "113": [663.368370755267, 114.9335191241487], "114": [664.963177852128, 113.1971771104673], "115": [666.2169696068753, 111.12643387449641], "116": [667.4872757761134, 108.60604682346008], "117": [668.3503424451721, 106.1628628551046], "118": [668.8817267264637, 102.99528506677203]}
}